{"cameraMode":{"drawMode":0,"name":"Shaded","section":"Shading Mode"},"sceneLighting":false,"audioPlay":false,"sceneViewState":{"m_AlwaysRefresh":false,"showFog":true,"showSkybox":false,"showFlares":true,"showImageEffects":true,"showParticleSystems":true,"showVisualEffectGraphs":true,"m_FxEnabled":true},"in2DMode":false,"pivot":{"x":-0.20000000298023225,"y":-0.03999999910593033,"z":0.17000000178813935},"rotation":{"x":0.3023722767829895,"y":0.35694652795791628,"z":0.12346788495779038,"w":-0.8752418756484985},"size":0.21710160374641419,"orthographic":false}