{"cameraMode":{"drawMode":0,"name":"Shaded","section":"Shading Mode"},"sceneLighting":true,"audioPlay":false,"sceneViewState":{"m_AlwaysRefresh":false,"showFog":true,"showSkybox":true,"showFlares":true,"showImageEffects":true,"showParticleSystems":true,"showVisualEffectGraphs":true,"m_FxEnabled":true},"in2DMode":false,"pivot":{"x":1.7219905853271485,"y":-26.827919006347658,"z":-42.528682708740237},"rotation":{"x":-0.0029108296148478986,"y":-0.9585341811180115,"z":0.2848890721797943,"w":-0.009780642576515675},"size":29.325334548950197,"orthographic":false}