{"cameraMode":{"drawMode":0,"name":"Shaded","section":"Shading Mode"},"sceneLighting":false,"audioPlay":false,"sceneViewState":{"m_AlwaysRefresh":false,"showFog":false,"showSkybox":false,"showFlares":false,"showImageEffects":false,"showParticleSystems":false,"showVisualEffectGraphs":true,"m_FxEnabled":true},"in2DMode":false,"pivot":{"x":0.044189777225255969,"y":1.2590086460113526,"z":-0.0430852472782135},"rotation":{"x":0.0020994555670768024,"y":0.9948798418045044,"z":-0.0991276204586029,"w":0.021195169538259507},"size":1.0700139999389649,"orthographic":false}