{"cameraMode":{"drawMode":0,"name":"Shaded","section":"Shading Mode"},"sceneLighting":false,"audioPlay":false,"sceneViewState":{"m_AlwaysRefresh":false,"showFog":false,"showSkybox":false,"showFlares":false,"showImageEffects":false,"showParticleSystems":false,"showVisualEffectGraphs":true,"m_FxEnabled":true},"in2DMode":false,"pivot":{"x":0.09389050304889679,"y":0.12862630188465119,"z":-2.1588857173919679},"rotation":{"x":0.0018586377846077085,"y":0.9924816489219666,"z":-0.12149469554424286,"w":0.0151877636089921},"size":1.6631035804748536,"orthographic":false}